[
  {
    "id": "1",
    "header": "Macbook Air 13 Late 2013",
    "img": "./image/good-image.jpg",
    "small_descr": "Unbelivbl portable model",
    "full_descr": "Lorem ipsum dolor sit amet, consectetur adipiscing elit. Praesent eget ex non diam auctor vehicula vel vitae est. Donec quam lorem, sodales eget tempus vel, sodales ac eros. Integer lectus felis, luctus nec ex ac, pellentesque bibendum est. Proin pharetra iaculis ipsum, pellentesque rutrum mi tempus ac. Curabitur vel erat aliquet, egestas tellus a, vestibulum justo. Aenean quis tincidunt eros, vel tincidunt augue. Suspendisse potenti. Cras eu iaculis lorem. Duis ac ligula dictum lectus vestibulum consequat. Aliquam eleifend diam ac est faucibus, et semper diam mollis. Ut rutrum ornare ante, a molestie velit condimentum at. Nullam sit amet nunc feugiat, egestas ipsum non, molestie metus. Donec non nunc non nunc feugiat dignissim ac non nibh."
  },
  {
    "id": "2",
    "header": "Macbook Air 13 Late 2015",
    "img": "./image/good-image.jpg",
    "small_descr": "Unbelivbl portable newwweast model",
    "full_descr": "Duis fringilla enim semper tempus ornare. Vestibulum a tempor libero. Donec vel aliquam odio. Nulla facilisi. Vestibulum in risus nec nibh aliquet interdum nec et diam. Pellentesque habitant morbi tristique senectus et netus et malesuada fames ac turpis egestas. Phasellus nec bibendum velit. Nulla rutrum porttitor tellus ut varius. Nunc purus arcu, varius et vulputate a, volutpat ut tortor. Fusce vel tortor volutpat odio porta ornare facilisis non ipsum."
  },
    {
      "id": "3",
      "header": "Macbook Pro 13 Late 2013",
      "img": "./image/good-image.jpg",
      "small_descr": "Portable power is here",
      "full_descr": "Aenean id bibendum velit. Sed venenatis semper lacus, in rutrum nunc blandit vel. Pellentesque mollis viverra urna, nec efficitur erat blandit id. Nulla eleifend leo sed vehicula commodo. Nunc vitae mi eu sem dictum dignissim. Proin condimentum ligula nec metus varius, sed aliquam leo suscipit. Aliquam efficitur sed turpis a lobortis. Nam diam eros, efficitur sit amet leo a, tempus scelerisque tortor. Integer posuere, nisl in laoreet cursus, nibh urna sagittis elit, tempor porttitor urna purus a neque. Mauris convallis vestibulum tellus non rutrum. Morbi viverra posuere turpis a vulputate. Maecenas ullamcorper metus vitae velit congue elementum."
    },
      {
        "id": "4",
        "header": "Macbook Pro 15 Late 2013",
        "img": "./image/good-image.jpg",
        "small_descr": "Full power is here",
        "full_descr": "Quisque sagittis urna at euismod varius. Class aptent taciti sociosqu ad litora torquent per conubia nostra, per inceptos himenaeos. Phasellus sit amet ultrices mi. Vivamus ligula sem, eleifend non dapibus vitae, sollicitudin et nunc. Donec accumsan fringilla velit nec consectetur. Nulla facilisi. Nunc eget suscipit ante. Ut et diam a dui semper gravida nec ut metus. Phasellus feugiat ante a aliquet tempus. Ut efficitur eros placerat, molestie urna non, congue quam. In ut interdum sapien, et laoreet odio. Nulla sit amet nulla eu metus tempor gravida id in nunc. Etiam id arcu cursus, laoreet ante sed, molestie urna. Nulla nec nibh ante. Donec eu ultricies tellus, at lobortis orci."
      },
      {
        "id": "5",
        "header": "Macbook Pro 15 Late 2015",
        "img": "./image/good-image.jpg",
        "small_descr": "Newest full power is here now!",
        "full_descr": "Ut ac enim non libero euismod tincidunt in eget sem. Morbi congue sem vitae nunc accumsan, nec eleifend est euismod. Pellentesque vel ex dapibus, rhoncus nisl faucibus, vehicula ipsum. Duis imperdiet at arcu non tristique. Aenean eu commodo eros. Etiam ultrices posuere commodo. Maecenas consectetur suscipit erat, sit amet ornare elit bibendum ac. Praesent eu pulvinar erat."
      }
]
